architecture,tier,horizon_h,median_estimated_cost_bps_100,events,symbols,mean_return_bps,median_return_bps,trimmed_mean_bps,winsorized_mean_bps,return_ex_top1pct_bps,return_ex_top_symbol_bps,return_ex_top_week_bps,first_half_mean_bps,second_half_mean_bps,raw_events_day,net_edge_bps,move_to_cost,top_symbol_share,top5_symbol_share,top_week_share
attention_continuation,HV_C,24,24.744651797905988,59,5,323.9174083698868,21.35231316726105,290.2388739121578,316.3128935766374,244.56006159848855,175.50191725625518,256.21745781640215,266.8252340470051,382.9782783590748,1.556043956043956,299.1727565719808,36.78221396743226,0.551451977907199,1.0,0.34307090464270185
vol_expansion,HV_C,24,24.990728325346442,76,5,225.55296610576883,78.22731446324894,245.60068815938132,246.96994016202265,308.01459259873604,0.35549218778995356,121.56148808713992,107.20149997939099,343.9044322321467,1.978308026030369,200.56223778042238,37.7433640996138,0.724052170398157,1.0,0.4902256783598665
attention_continuation,HV_C,12,24.744651797905988,83,5,125.95469721389091,-33.56414985939304,113.34458656716406,119.97353723571472,85.47411579865499,6.44573784748104,43.240678226997645,335.3557281598015,-88.55367595021256,2.1535135135135137,101.21004541598492,26.39704437644999,0.7703836385852512,0.9999999999999999,0.5000800909787663
vol_expansion,HV_C,12,25.236804852786896,106,5,93.83213322557842,32.89143820394358,111.59213498292655,88.61193515376173,168.66350051432164,-5.985367293707568,21.05975922510989,70.47300921557004,117.19125723558685,2.7237687366167025,68.59532837279153,27.51602340352332,0.811942564945207,1.0,0.6637869802953325
vol_expansion,HV_A,24,17.757604836388495,5315,82,70.40494787513074,0.0,47.980113885645345,58.933196975294436,33.653016605114715,61.928724364630995,55.60282321226506,31.756859786093656,109.0966896781238,29.92961051149695,52.64734303874225,31.877637748388434,0.1073112687980803,0.3770428269924432,0.22079778456298269
vol_expansion,HV_C,4,25.236804852786896,151,5,63.57238036389231,0.0,65.1003563135784,64.32137690825509,63.69775509077945,37.658654829054186,37.620100790896586,102.81542564173563,23.806094482344427,3.8471337579617835,38.33557551110541,17.25376771363673,0.3981163013474501,1.0000000000000002,0.44820873669521405
attention_continuation,HV_A,24,17.55401277422877,4150,81,54.92078816372301,-8.969648800038478,37.13466494444227,46.98686147077141,27.27903324011517,50.57285055048239,39.57206515221007,13.903118590387317,95.93845773705868,23.363828289936663,37.36677538949424,33.28739825470565,0.06630839482234699,0.2824027066827563,0.27216981335112417
vol_expansion,HV_C,1,25.236804852786896,226,5,55.48923973399635,0.0,56.86214065519757,59.701432065937766,49.710364529441264,36.29508365899053,19.5790487986438,98.22272400526818,12.755755462724524,5.745762711864407,30.252434881209453,10.562459211331438,0.39295812610735076,1.0,0.6726287956841227
attention_continuation,HV_C,4,24.990728325346442,104,5,48.97797966014899,-1.5683814303635302,44.699374785515516,51.37400638286756,48.22472355984498,28.54235128262487,-8.977662761026597,164.04821131048521,-66.0922519901873,2.6723768736616704,23.987251334802547,16.744397474014587,0.4709889684930733,1.0,0.6918345581744936
pump_exhaustion_reversal,HV_C,1,25.236804852786896,38,5,37.17758825462103,29.102753342431505,24.56445352787979,23.555291976640742,-32.03927717327049,-20.772174706336006,-39.60354948918687,-45.71135933896366,120.0665358482057,0.985945945945946,11.940783401834132,14.303733292419857,0.599828460647212,1.0,0.543138041575186
pump_exhaustion_reversal,HV_B,4,22.029604769489396,849,113,14.074988495281358,6.662225183211579,20.794187481787,17.828646940133,21.56876596326572,8.144032461374605,-4.647707709753853,19.957331689701082,8.178771849931389,21.561904761904763,-7.954616274208037,15.142135511278823,0.07180004116040842,0.2835662012515068,0.5631320506145993
attention_continuation,HV_A,12,17.55401277422877,5206,81,7.836314243042117,-17.084230668081844,3.755714247749262,9.052593645070743,-0.3026478022245667,2.1231450466523465,-3.8696447497235726,1.5346965452732084,14.13793194081103,29.226666666666667,-9.717698531186652,25.51736010090773,0.13969454015656205,0.37021704705559205,0.29555017732021827
pump_exhaustion_reversal,HV_B,12,21.945300845350168,744,113,9.442272168482491,11.702276046538508,10.148528267613502,4.785228263884389,1.4632823345948855,1.4339203352376972,-23.087895663264593,25.469226835764136,-6.933094556783529,19.076923076923077,-12.503028676867677,21.75800919920926,0.07964099686898904,0.3353628264936283,0.7090223612912652
attention_continuation,HV_A,1,17.55401277422877,8526,82,2.905280342522744,-10.637827361560381,-2.212360141534033,-0.28344966318796455,-6.160890239220566,0.9259177726356388,1.047952823562498,9.713046397476639,-3.902485712431149,47.74241717218852,-14.648732431706026,11.368762215921548,0.1365970491664171,0.4705383702721709,0.17168890734690373
vol_expansion,HV_A,1,17.757604836388495,14734,82,2.7747679108498486,-8.414382891401285,-1.3183898261092364,-0.1475110336372919,-4.15650430643703,1.4325267898012504,1.4152775204095351,5.742239726902496,-0.19350962657560483,82.50489967335511,-14.982836925538646,10.424359686612558,0.14320931945892992,0.4332771376721829,0.1415828015636251
vol_expansion,HV_A,12,17.757604836388495,7122,82,2.286082600331877,-22.731617919353187,-5.008840955377965,0.6114416960620839,-8.87708722734091,-1.1720711130950503,-4.0009587009028165,-9.400722329148172,13.979453150558818,39.98315789473684,-15.471522236056618,24.614683538706082,0.10427236184963298,0.3980725888524742,0.22928534989270008
attention_continuation,HV_C,1,25.236804852786896,127,5,9.198412149862094,1.6454946356869726,10.63680987940588,15.422899648686027,13.573010957635294,-16.957390517285276,-49.56622172313724,97.08789012438017,-85.89512139633776,3.259893048128342,-16.038392702924803,10.730873280561784,0.6048290036343398,1.0,0.8442887989895312
vol_expansion,HV_B,24,22.183299389001622,1981,113,3.4136461033657906,-31.510950055144704,4.784975867478507,9.055314134048848,8.622359532312267,-1.506339817826765,-40.76065971702207,-30.91626083016653,37.84768824498767,51.34341252699784,-18.769653285635833,21.123527340213343,0.06858253184735742,0.2832351980220053,0.8506794689905499
attention_continuation,HV_B,24,22.096787593750648,1491,113,2.1098656402660283,-45.307443365696365,-7.697174751922631,-5.607367095728174,-5.087156488641492,-4.328212393427327,-71.61163929639405,-69.8895127395796,75.77001665573904,38.685405405405405,-19.986921953484618,22.011562736463155,0.07362214581620599,0.3027658560532828,1.0
attention_continuation,HV_B,1,22.096787593750648,3238,113,1.6059307610265308,-8.525865668722599,-1.3314265971502115,-1.238193196666022,-1.631358313041568,-0.6467507805436394,-1.6636329726638721,15.828023822974457,-12.633742144014034,81.88830347734458,-20.490856832724116,7.475536580941382,0.10701503090023963,0.35099892939864913,0.36311578482574386
attention_continuation,HV_A,4,17.55401277422877,6614,82,-3.080608736161924,-18.08163420358888,-6.481727679918831,-2.782300462713168,-9.700197438066445,-6.327592483200133,-6.6771279045749665,-5.6640513585346515,-0.49716611378919245,37.061872519262195,-20.634621510390694,17.764066667393184,0.15676368252483186,0.37724612888089115,0.23649428531722105
vol_expansion,HV_A,4,17.757604836388495,10043,82,-2.923670884709304,-20.1342281879191,-7.034688471980359,-4.375121354601819,-10.931540639721591,-4.773586824484809,-6.05953780009368,-1.3565247095967399,-4.491753601360776,56.27644174643941,-20.681275721097798,16.527852005555978,0.143318452077611,0.3827850847977015,0.2181662136442483
pump_exhaustion_reversal,HV_B,1,22.096787593750648,986,113,1.0049002511762761,11.53014974903166,7.562221221472491,6.406105784860225,10.000402827973819,-2.7534644163619264,-8.0958404565715,-23.7026630326039,25.712463534956456,24.962025316455698,-21.09188734257437,9.720500216499484,0.08053652076953488,0.3122150559646003,0.5531849694509746
vol_expansion,HV_B,1,22.096787593750648,6057,113,0.4812843985669647,-6.456535775076766,-1.9625452008793713,-1.3856637523454283,-2.5463070356752757,-1.0330628656219316,-1.8154269687147955,9.419886742544305,-8.466176817901928,153.18018967334038,-21.615503195183685,6.7367094777435845,0.11045871547698789,0.3817703760972219,0.47289262497945045
pump_exhaustion_reversal,HV_A,4,17.55401277422877,2098,82,-4.639460222988577,29.55959110012063,3.38256542132131,-3.395035838197601,16.387935327656756,-8.137200702914548,-14.628598729544116,-7.631364270730322,-1.6475561752468297,11.75624562222741,-22.19347299721735,23.40121777658687,0.07589916966861093,0.29293182317526156,0.28586137993141875
vol_expansion,HV_B,4,22.183299389001622,4024,113,-11.89604473378059,-21.67984210623308,-14.596539395873771,-12.297707220954324,-16.75359994844588,-13.6729402236093,-21.619942496819952,-11.576483490763815,-12.216560365776012,102.08879492600424,-34.07934412278221,11.06624593414603,0.08980293319295063,0.3784150810241078,1.0
pump_exhaustion_reversal,HV_A,1,17.55401277422877,2429,82,-17.241830887751018,12.277470841006721,-3.619227067415483,-7.970789011785538,4.448054029028516,-20.125146803572974,-24.736865387545656,-24.830541880482688,-9.089313015115282,13.611020312864813,-34.79584366197979,15.846918561508637,0.1141686078388393,0.35566895150434236,0.41341992094789276
attention_continuation,HV_B,4,22.1619838772967,2479,113,-12.865040318041107,-25.330706445256812,-17.205908933319687,-15.666138231759959,-21.09828820815474,-16.521511951251995,-33.93000562724068,-18.308772141534963,-7.40811689885219,62.89217758985201,-35.0270241953378,11.787939264261535,0.12068341759109001,0.3932356228432403,1.0
vol_expansion,HV_B,12,22.183299389001622,2717,113,-23.106678630189364,-37.40648379052192,-21.113142024766873,-17.824948400468124,-16.789275137780237,-25.808124413343332,-44.29447412882373,-24.826068053559048,-21.375860473577184,69.5923159018143,-45.28997801919098,16.179880872743954,0.08750759398695314,0.3692901402547474,1.0
attention_continuation,HV_B,12,22.1619838772967,1892,113,-35.52093026552275,-42.85240002131374,-33.49813133618796,-30.035226430366134,-28.81889638760479,-39.108140723466384,-73.13730611268447,-66.47341417564006,-4.502938452950168,48.46104589114194,-57.68291414281945,17.753784069894362,0.09144830884648263,0.34506247982365024,1.0
pump_exhaustion_reversal,HV_A,12,17.55401277422877,1892,81,-46.39030138799672,15.66170712607673,-16.893972690310648,-31.264400626017185,0.40027733678618543,-52.946823381684545,-55.93078214267605,-34.21469475215176,-58.669310203339315,10.626725953662532,-63.944314162225496,31.298138345665667,0.13239987781926452,0.4192615642218009,0.2487604960159978
pump_exhaustion_reversal,HV_A,24,17.55401277422877,1696,81,-84.7816950535812,4.090096210967453,-50.25518408321883,-64.05137694466106,-28.767888225738453,-91.43477839388999,-95.1177744346483,-73.95148084001507,-95.6119092671473,9.557173045315801,-102.33570782780997,41.205979320332325,0.1321846387843544,0.409412769799016,0.18607470223584172
pump_exhaustion_reversal,HV_B,24,21.945300845350168,648,113,-94.74999498313935,-41.86857156884439,-82.65478960003767,-92.28614768040916,-71.69500600548866,-108.4518542102716,-129.89385487981343,-34.64272211176241,-154.8572678545163,16.83116883116883,-116.69529582848952,28.545160099791318,0.11277222930748232,0.3687542273988501,0.8111474016400384
pump_exhaustion_reversal,HV_C,4,24.990728325346442,36,5,-100.70206626554922,-34.30243972902869,-101.48489129436662,-107.34307785797172,-34.248902175240175,-136.7313581221399,-156.80176816551054,-256.5115835803021,55.10745104920372,0.9340540540540541,-125.69279459089566,17.753398179768688,0.8729030806498773,1.0,0.8949945002045281
pump_exhaustion_reversal,HV_C,12,24.990728325346442,32,5,-308.8266477358122,-69.51838671411636,-248.3961825411536,-299.2664982078958,-181.2806743824896,-389.66352427993183,-342.12082624450886,-716.3972263991947,98.74393092757042,0.8302702702702703,-333.8173760611586,32.826934487457,1.0,1.0,0.7039538820137259
pump_exhaustion_reversal,HV_C,24,24.744651797905988,26,5,-847.2247532976309,-649.9419216377366,-641.3705510663336,-795.1363683726267,-556.5102286417093,-1199.8708737068364,-889.523342559933,-1183.1356362654637,-511.31387032979814,0.6842105263157895,-871.9694050955368,50.245978961886316,,,
